yearIndex,parfamName,culture,environ,equality,parfamCount,pervote,rile,staticRile,avgVote
1944,AGR,0.0,0.0,0.0,1,13.6,23.81,1.01,13.6
1944,CON,0.0,0.0,5.3,1,15.8,28.0,11.64,15.8
1944,LEF,0.0,0.0,0.0,1,10.3,9.6,-23.66,10.3
1944,LIB,0.0,0.0,1.6,1,12.9,9.5,4.61,12.9
1944,SOC,0.0,0.0,5.600000000000001,1,46.5,-37.8,-14.0,46.5
1945,AGR,1.099,0.0,4.396,2,34.953,13.5535,1.01,17.4765
1945,CHR,1.709,0.0,1.709,1,44.7,29.06,6.13,44.7
1945,CON,0.0,0.0,7.571,3,49.074,10.737333333333334,11.64,16.358
1945,ETH,0.0,0.0,4.762,1,8.378,4.167,-9.04,8.378
1945,LEF,0.0,0.0,15.698,4,57.32600000000001,-24.346,-23.66,14.331500000000002
1945,LIB,0.847,0.7190000000000001,25.486000000000004,5,67.61000000000001,5.8482,4.61,13.522000000000002
1945,SIP,0.0,0.0,5.606,2,4.9879999999999995,-3.5854999999999992,3.36,2.4939999999999998
1945,SOC,2.1,0.0,26.28,4,127.762,-6.444499999999998,-14.0,31.9405
1946,AGR,1.099,0.0,4.396,2,34.953,13.5535,1.01,17.4765
1946,CHR,5.509,0.0,34.787,7,200.33,26.25128571428571,6.13,28.618571428571432
1946,CON,2.7800000000000002,0.0,10.077,5,63.541,16.5382,11.64,12.7082
1946,ETH,0.0,0.0,4.762,1,8.378,4.167,-9.04,8.378
1946,LEF,4.0,0.8,25.766,7,115.44599999999998,-19.357285714285716,-23.66,16.49228571428571
1946,LIB,6.447000000000001,0.7190000000000001,47.836999999999996,10,107.22500000000001,8.6543,4.61,10.7225
1946,SIP,0.0,0.0,9.606,3,7.1259999999999994,16.276333333333334,3.36,2.3753333333333333
1946,SOC,12.826,3.3,38.774,8,227.503,-13.166999999999998,-14.0,28.437875
1947,AGR,1.099,0.0,4.396,2,34.953,13.5535,1.01,17.4765
1947,CHR,5.509,0.0,34.787,7,200.33,26.25128571428571,6.13,28.618571428571432
1947,CON,2.7800000000000002,0.0,13.077,5,57.748000000000005,20.438200000000002,11.64,11.549600000000002
1947,ETH,0.0,0.0,4.762,1,8.378,4.167,-9.04,8.378
1947,LEF,4.0,0.8,29.466,7,109.76099999999998,-17.842999999999996,-23.66,15.680142857142854
1947,LIB,6.447000000000001,0.7190000000000001,47.737,10,110.192,8.6643,4.61,11.0192
1947,SIP,0.0,0.0,4.8,2,6.676,40.75,3.36,3.338
1947,SOC,10.725999999999999,3.3,34.874,8,234.74200000000002,-11.642,-14.0,29.342750000000002
1948,AGR,2.326,0.0,12.565,3,42.198,-4.631000000000001,1.01,14.066
1948,CHR,4.162,0.0,29.35,8,226.945,20.779374999999998,6.13,28.368125
1948,CON,2.7800000000000002,0.0,16.288,6,98.148,17.819333333333333,11.64,16.358
1948,ETH,0.0,0.0,4.255,1,7.737,21.276999999999997,-9.04,7.737
1948,LEF,4.707,0.0,54.267,7,105.87799999999999,-15.573571428571428,-23.66,15.12542857142857
1948,LIB,4.8469999999999995,0.7190000000000001,58.697,10,108.65399999999998,13.806000000000001,4.61,10.865399999999998
1948,NAT,7.843,0.0,5.646,2,15.215,-1.0989999999999998,10.25,7.6075
1948,SIP,0.0,1.754,4.309,2,6.909000000000001,39.943,3.36,3.4545000000000003
1948,SOC,10.626,2.5,68.94800000000001,10,251.16299999999998,-17.9461,-14.0,25.1163
1949,AGR,2.326,0.0,12.565,3,42.198,-4.631000000000001,1.01,14.066
1949,CHR,4.6419999999999995,0.3,36.091,11,306.06199999999995,12.493727272727273,6.13,27.82381818181818
1949,CON,2.7800000000000002,0.0,27.717,7,102.109,19.355285714285714,11.64,14.587
1949,ETH,0.0,0.0,14.28,3,12.212,27.14233333333333,-9.04,4.070666666666667
1949,LEF,4.707,0.0,69.04,8,111.61599999999999,-14.90525,-23.66,13.951999999999998
1949,LIB,6.715999999999999,0.7190000000000001,56.83200000000001,11,126.58699999999999,14.645636363636363,4.61,11.50790909090909
1949,NAT,10.743,0.0,23.356,5,31.563000000000002,-0.4312000000000003,10.25,6.312600000000001
1949,SIP,0.0,1.754,4.309,2,6.909000000000001,39.943,3.36,3.4545000000000003
1949,SOC,12.926,3.6,97.589,12,315.995,-20.660666666666668,-14.0,26.332916666666666
1950,AGR,2.326,0.0,12.565,3,42.198,-4.631000000000001,1.01,14.066
1950,CHR,4.6419999999999995,0.0,35.991,11,310.191,12.421,6.13,28.199181818181817
1950,CON,2.7800000000000002,0.0,28.717,7,107.445,22.055285714285713,11.64,15.349285714285713
1950,ETH,0.0,0.0,14.28,3,12.212,27.14233333333333,-9.04,4.070666666666667
1950,LEF,4.707,0.0,60.339999999999996,8,109.447,-16.94275,-23.66,13.680875
1950,LIB,9.015999999999998,0.7190000000000001,48.232,11,117.95100000000001,15.472909090909091,4.61,10.722818181818182
1950,NAT,10.743,0.0,23.356,5,31.563000000000002,-0.4312000000000003,10.25,6.312600000000001
1950,SIP,0.0,1.754,5.409,2,10.587000000000002,32.643,3.36,5.293500000000001
1950,SOC,12.326,3.4,78.989,12,321.72299999999996,-17.485666666666667,-14.0,26.810249999999996
1951,AGR,2.419,0.0,10.971,3,38.561,-1.938,1.01,12.853666666666667
1951,CHR,6.541,0.0,45.576,11,307.964,10.170636363636364,6.13,27.996727272727274
1951,CON,10.805000000000001,0.0,23.354,7,130.38199999999998,28.28642857142857,11.64,18.625999999999998
1951,ETH,1.724,0.0,18.646,3,12.042,23.498333333333335,-9.04,4.014
1951,LEF,8.954,0.0,69.13099999999999,8,97.794,-26.783375,-23.66,12.22425
1951,LIB,9.015999999999998,0.7190000000000001,49.163,11,126.48899999999999,13.468363636363636,4.61,11.498999999999999
1951,NAT,10.743,0.0,23.356,5,22.424,-0.4312000000000003,10.25,4.4848
1951,SIP,0.0,1.754,5.409,2,10.587000000000002,32.643,3.36,5.293500000000001
1951,SOC,7.8,3.4,53.678,12,317.11199999999997,-17.14916666666667,-14.0,26.426
1952,AGR,3.7190000000000003,1.3,12.971,3,36.911,0.09533333333333327,1.01,12.303666666666667
1952,CHR,8.341000000000001,1.7999999999999998,44.025999999999996,11,303.425,11.393363636363635,6.13,27.58409090909091
1952,CON,10.805000000000001,0.0,23.354,7,132.41199999999998,26.086428571428574,11.64,18.915999999999997
1952,ETH,1.724,0.0,18.646,3,12.042,23.498333333333335,-9.04,4.014
1952,LEF,5.007000000000001,0.0,51.073,7,88.078,-25.62685714285714,-23.66,12.582571428571429
1952,LIB,8.815999999999999,0.7190000000000001,41.66300000000001,11,129.065,13.995636363636363,4.61,11.733181818181817
1952,NAT,10.743,0.0,23.356,5,22.424,-0.4312000000000003,10.25,4.4848
1952,SIP,0.0,0.0,1.9,1,8.216000000000001,10.9,3.36,8.216000000000001
1952,SOC,8.500000000000002,1.7,59.17799999999999,12,320.395,-17.374166666666667,-14.0,26.699583333333333
1953,AGR,3.7190000000000003,1.3,12.971,3,36.911,0.09533333333333327,1.01,12.303666666666667
1953,CHR,12.778000000000002,1.7999999999999998,53.937999999999995,11,304.12800000000004,10.855454545454545,6.13,27.648000000000003
1953,CON,12.305000000000001,0.0,17.387000000000004,8,148.08299999999997,15.307250000000003,11.64,18.510374999999996
1953,ETH,1.724,0.0,8.621,1,7.567,10.345,-9.04,7.567
1953,LEF,5.007000000000001,0.0,28.817999999999998,7,87.26800000000001,-23.287142857142857,-23.66,12.466857142857146
1953,LIB,9.652999999999999,0.7190000000000001,55.022000000000006,14,159.786,9.582285714285714,4.61,11.413285714285715
1953,NAT,11.643,0.0,16.653000000000002,3,20.853,-3.5556666666666668,10.25,6.9510000000000005
1953,SIP,0.0,0.0,12.067000000000004,3,14.967,9.855666666666666,3.36,4.989
1953,SOC,12.186,0.0,77.018,13,366.8639999999999,-15.65546153846154,-14.0,28.220307692307685
1954,AGR,1.3,1.3,11.507,3,38.65800000000001,12.992666666666667,1.01,12.886000000000003
1954,CHR,10.464,6.2459999999999996,60.48100000000001,11,306.927,11.097909090909091,6.13,27.902454545454546
1954,CON,4.128,0.0,20.577,8,143.39999999999998,13.589500000000001,11.64,17.924999999999997
1954,ETH,4.561,0.0,12.345999999999998,2,9.18,1.245,-9.04,4.59
1954,LEF,1.9,0.0,34.397000000000006,7,91.366,-21.412714285714287,-23.66,13.052285714285714
1954,LIB,6.906,1.1190000000000002,53.653000000000006,14,154.41199999999998,10.032928571428572,4.61,11.02942857142857
1954,NAT,11.643,0.0,16.653000000000002,3,19.871,-3.5556666666666668,10.25,6.623666666666666
1954,SIP,0.0,0.0,12.067000000000004,3,14.967,9.855666666666666,3.36,4.989
1954,SOC,14.186,0.0,84.983,13,369.429,-21.920153846153845,-14.0,28.41761538461538
1955,AGR,1.3,1.3,11.507,3,38.65800000000001,12.992666666666667,1.01,12.886000000000003
1955,CHR,10.464,6.2459999999999996,60.48100000000001,11,306.927,11.097909090909091,6.13,27.902454545454546
1955,CON,4.128,0.0,20.577,8,143.39999999999998,13.589500000000001,11.64,17.924999999999997
1955,ETH,4.561,0.0,12.345999999999998,2,9.18,1.245,-9.04,4.59
1955,LEF,1.9,0.0,34.397000000000006,7,91.366,-21.412714285714287,-23.66,13.052285714285714
1955,LIB,6.906,1.1190000000000002,53.653000000000006,14,154.41199999999998,10.032928571428572,4.61,11.02942857142857
1955,NAT,11.643,0.0,16.653000000000002,3,19.871,-3.5556666666666668,10.25,6.623666666666666
1955,SIP,0.0,0.0,12.067000000000004,3,14.967,9.855666666666666,3.36,4.989
1955,SOC,14.186,0.0,84.983,13,369.429,-21.920153846153845,-14.0,28.41761538461538
1956,AGR,0.9,0.9,9.207,3,37.373000000000005,13.192666666666666,1.01,12.457666666666668
1956,CHR,9.649000000000001,7.2459999999999996,59.821,11,311.386,9.17490909090909,6.13,28.307818181818185
1956,CON,3.344,0.0,23.771000000000004,9,141.31500000000003,15.561111111111112,11.64,15.70166666666667
1956,ETH,4.561,0.0,12.345999999999998,2,9.18,1.245,-9.04,4.59
1956,LEF,3.8419999999999996,0.0,41.628,7,91.25200000000001,-22.123428571428576,-23.66,13.036000000000001
1956,LIB,5.806000000000001,1.819,47.483000000000004,14,158.873,4.4864999999999995,4.61,11.348071428571428
1956,NAT,16.143,0.0,13.153000000000002,3,15.441999999999997,-3.7556666666666665,10.25,5.147333333333332
1956,SIP,0.0,0.0,12.067000000000004,3,14.967,9.855666666666666,3.36,4.989
1956,SOC,15.799,2.0,81.68,13,373.377,-25.008615384615386,-14.0,28.721307692307693
1957,AGR,0.9,0.9,9.207,3,35.90400000000001,13.192666666666666,1.01,11.968000000000004
1957,CHR,7.9959999999999996,7.2459999999999996,41.742000000000004,10,310.259,22.373600000000003,6.13,31.0259
1957,CON,1.244,0.0,11.109000000000002,8,128.854,20.36575,11.64,16.10675
1957,ETH,4.561,0.0,12.345999999999998,2,9.18,1.245,-9.04,4.59
1957,LEF,4.8420000000000005,0.0,43.028,6,85.27300000000001,-27.60166666666667,-23.66,14.212166666666668
1957,LIB,5.008000000000001,1.819,37.571999999999996,12,127.89899999999999,4.482333333333333,4.61,10.658249999999999
1957,NAT,16.143,0.0,13.153000000000002,3,14.033999999999997,-3.7556666666666665,10.25,4.677999999999999
1957,SIP,0.0,0.0,0.0,1,5.314,15.9,3.36,5.314
1957,SOC,16.27,2.0,56.455,12,331.03400000000005,-29.621249999999993,-14.0,27.58616666666667
1958,AGR,1.6,0.0,4.209,3,38.079,7.445,1.01,12.693
1958,CHR,11.891,6.646,50.848,10,317.94500000000005,20.291800000000002,6.13,31.794500000000006
1958,CON,1.2000000000000002,0.0,7.4,7,143.712,13.828571428571427,11.64,20.530285714285714
1958,ETH,6.4399999999999995,0.0,8.696,2,8.709,1.0625,-9.04,4.3545
1958,LEF,21.121,1.9,33.329,6,78.532,-38.54,-23.66,13.088666666666667
1958,LIB,4.411,1.243,45.744,12,114.07199999999999,7.869416666666667,4.61,9.505999999999998
1958,NAT,16.143,0.0,9.396,3,12.963,3.2373333333333334,10.25,4.321
1958,SIP,0.0,0.0,0.0,1,5.314,15.9,3.36,5.314
1958,SOC,10.24,2.319,63.536,13,331.736,-19.85576923076923,-14.0,25.518153846153844
1959,AGR,1.6,0.0,4.209,3,38.079,7.445,1.01,12.693
1959,CHR,23.026000000000003,1.5710000000000002,39.335,10,308.942,15.664200000000003,6.13,30.8942
1959,CON,1.2000000000000002,0.0,7.4,7,143.712,13.828571428571427,11.64,20.530285714285714
1959,ETH,6.4399999999999995,0.0,8.696,2,8.709,1.0625,-9.04,4.3545
1959,LEF,21.121,1.9,32.492000000000004,6,78.432,-37.12016666666667,-23.66,13.072000000000001
1959,LIB,7.628,2.414,44.03,12,125.50999999999999,8.908833333333332,4.61,10.459166666666667
1959,NAT,9.843,0.0,7.196,3,14.146999999999998,11.703999999999999,10.25,4.7156666666666665
1959,SIP,0.0,0.0,0.0,1,5.314,15.9,3.36,5.314
1959,SOC,7.8839999999999995,0.319,77.399,13,331.24699999999996,-20.015923076923077,-14.0,25.48053846153846
1960,AGR,1.9,0.0,3.809,3,39.028,5.478333333333334,1.01,13.009333333333332
1960,CHR,23.026000000000003,1.5710000000000002,39.335,10,308.942,15.664200000000003,6.13,30.8942
1960,CON,1.2000000000000002,0.0,14.0,7,142.05400000000003,13.685714285714285,11.64,20.293428571428574
1960,ETH,6.4399999999999995,0.0,8.696,2,8.709,1.0625,-9.04,4.3545
1960,LEF,6.420999999999999,0.0,37.992,7,83.684,-41.574428571428584,-23.66,11.954857142857142
1960,LIB,9.128,2.414,64.598,12,119.83999999999999,9.729750000000001,4.61,9.986666666666666
1960,NAT,9.843,0.0,7.196,3,14.146999999999998,11.703999999999999,10.25,4.7156666666666665
1960,SIP,0.0,0.0,14.6,1,2.1519999999999997,-6.3,3.36,2.1519999999999997
1960,SOC,13.384000000000002,1.619,74.79899999999999,13,335.52,-23.092846153846153,-14.0,25.80923076923077
1961,AGR,1.9,0.0,3.809,3,38.186,5.478333333333334,1.01,12.728666666666667
1961,CHR,27.924999999999997,11.948,32.362,10,304.42400000000004,3.3953999999999995,6.13,30.442400000000003
1961,CON,1.2000000000000002,0.0,14.0,6,134.185,19.8,11.64,22.364166666666666
1961,ETH,6.4399999999999995,0.0,8.696,2,10.197,1.0625,-9.04,5.0985
1961,LEF,6.420999999999999,0.0,37.992,7,83.684,-41.574428571428584,-23.66,11.954857142857142
1961,LIB,8.352,4.694,60.672,12,125.758,9.334166666666667,4.61,10.479833333333334
1961,NAT,9.843,0.0,7.196,3,13.593,11.703999999999999,10.25,4.531
1961,SIP,0.0,0.0,14.6,1,2.1519999999999997,-6.3,3.36,2.1519999999999997
1961,SOC,14.262000000000002,3.044,69.244,13,341.78099999999995,-21.588923076923077,-14.0,26.29084615384615
1962,AGR,2.337,1.092,7.745,3,38.079,0.9006666666666666,1.01,12.693
1962,CHR,26.025,11.948,43.062000000000005,10,302.449,2.7053999999999996,6.13,30.2449
1962,CON,2.1,0.8999999999999999,20.255000000000003,6,138.159,27.763666666666666,11.64,23.0265
1962,ETH,3.6189999999999998,0.0,9.16,2,9.879,4.4445,-9.04,4.9395
1962,LEF,4.84,0.7000000000000001,36.882,7,85.532,-36.12285714285714,-23.66,12.218857142857143
1962,LIB,9.852,5.694,48.672,12,123.581,6.975833333333334,4.61,10.298416666666666
1962,NAT,9.643,0.0,6.9959999999999996,3,12.933,-3.5626666666666673,10.25,4.311
1962,SIP,0.0,0.0,14.6,1,2.1519999999999997,-6.3,3.36,2.1519999999999997
1962,SOC,17.662,3.044,72.767,13,336.912,-24.487615384615385,-14.0,25.91630769230769
1963,AGR,2.337,1.092,7.745,3,38.079,0.9006666666666666,1.01,12.693
1963,CHR,35.131,11.357000000000001,52.154,10,298.365,-0.42550000000000027,6.13,29.8365
1963,CON,2.1,0.8999999999999999,20.255000000000003,6,138.159,27.763666666666666,11.64,23.0265
1963,ETH,3.6189999999999998,0.0,9.16,2,9.879,4.4445,-9.04,4.9395
1963,LEF,4.777,0.7000000000000001,35.542,7,88.107,-35.77128571428572,-23.66,12.586714285714285
1963,LIB,13.852,7.294,46.74699999999999,12,125.07600000000001,4.800000000000001,4.61,10.423
1963,NAT,9.643,0.0,5.7219999999999995,3,13.274999999999999,-8.17,10.25,4.425
1963,SIP,0.0,0.0,14.6,1,2.1519999999999997,-6.3,3.36,2.1519999999999997
1963,SOC,22.295999999999996,3.7779999999999996,75.133,13,335.72499999999997,-25.335307692307694,-14.0,25.824999999999996
1964,AGR,3.841,5.773,7.396,3,37.649,-5.780333333333334,1.01,12.549666666666667
1964,CHR,35.937,12.437000000000001,54.437000000000005,10,295.16499999999996,-3.4952999999999994,6.13,29.516499999999997
1964,CON,2.1,2.1,17.355,6,137.464,25.21366666666667,11.64,22.910666666666668
1964,ETH,3.6189999999999998,0.0,9.16,2,9.879,4.4445,-9.04,4.9395
1964,LEF,5.277,0.7000000000000001,36.376999999999995,7,91.78000000000002,-25.940142857142856,-23.66,13.111428571428574
1964,LIB,16.588,8.381,46.18299999999999,12,114.89600000000002,-2.8517499999999996,4.61,9.574666666666667
1964,NAT,9.643,0.0,5.7219999999999995,3,13.274999999999999,-8.17,10.25,4.425
1964,SIP,0.0,0.0,3.8,1,1.3019999999999998,15.3,3.36,1.3019999999999998
1964,SOC,25.813,2.775,64.704,13,337.94899999999996,-22.210307692307694,-14.0,25.99607692307692
1965,AGR,3.841,5.773,7.396,2,36.135,-8.6705,1.01,18.0675
1965,CHR,32.594,6.929,62.208999999999996,10,292.495,-5.020100000000001,6.13,29.2495
1965,CON,2.1,2.1,17.355,6,141.311,19.580333333333332,11.64,23.551833333333335
1965,ETH,5.300999999999999,1.376,10.806,3,14.178999999999998,2.158666666666666,-9.04,4.726333333333333
1965,LEF,5.277,0.7000000000000001,36.376999999999995,7,91.78000000000002,-25.940142857142856,-23.66,13.111428571428574
1965,LIB,17.842000000000002,8.539,43.772,12,120.901,-2.0779166666666664,4.61,10.075083333333334
1965,NAT,9.643,0.0,5.7219999999999995,3,12.899999999999999,-8.17,10.25,4.3
1965,SIP,0.0,0.0,3.8,1,1.3019999999999998,15.3,3.36,1.3019999999999998
1965,SOC,48.54500000000001,14.439,57.87400000000001,13,336.301,-21.890076923076926,-14.0,25.869307692307693
1966,AGR,4.277,6.864000000000001,11.331,2,34.406,-15.536999999999999,1.01,17.203
1966,CHR,26.293999999999997,6.929,63.309,10,295.412,-5.5601,6.13,29.541199999999996
1966,CON,4.76,1.964,14.651000000000002,6,139.085,21.569000000000003,11.64,23.180833333333336
1966,ETH,3.7739999999999996,1.376,6.523999999999999,3,13.742999999999999,-18.272333333333332,-9.04,4.5809999999999995
1966,LEF,3.9770000000000003,0.7000000000000001,44.637,7,95.629,-34.771142857142856,-23.66,13.661285714285714
1966,LIB,19.864,9.079999999999998,46.068,13,123.468,-2.791769230769231,4.61,9.497538461538461
1966,NAT,9.643,0.752,26.611000000000004,4,12.236,0.30374999999999996,10.25,3.059
1966,SIP,1.429,2.8569999999999998,7.143,1,0.7120000000000001,10.0,3.36,0.7120000000000001
1966,SOC,49.645,15.039,72.903,13,337.132,-19.760384615384616,-14.0,25.933230769230768
1967,AGR,4.277,6.864000000000001,11.331,2,34.406,-15.536999999999999,1.01,17.203
1967,CHR,21.093999999999998,8.829,47.009,10,296.997,-1.6300999999999994,6.13,29.6997
1967,CON,3.96,1.6640000000000001,21.751,6,130.08700000000002,21.802333333333333,11.64,21.68116666666667
1967,ETH,3.7739999999999996,1.376,6.523999999999999,3,13.742999999999999,-18.272333333333332,-9.04,4.5809999999999995
1967,LEF,4.477,1.1,40.537,7,96.26,-36.85685714285715,-23.66,13.751428571428573
1967,LIB,23.363999999999997,10.780000000000001,62.467999999999996,14,128.49800000000002,-5.120928571428572,4.61,9.178428571428572
1967,NAT,9.643,0.752,26.611000000000004,4,12.236,0.30374999999999996,10.25,3.059
1967,SIP,1.429,2.8569999999999998,7.143,1,0.7120000000000001,10.0,3.36,0.7120000000000001
1967,SOC,48.34499999999999,17.038999999999998,76.30300000000003,13,331.614,-18.41423076923077,-14.0,25.50876923076923
1968,AGR,2.7729999999999997,6.383000000000001,16.080000000000002,2,36.904,-14.3155,1.01,18.452
1968,CHR,33.205999999999996,14.485000000000001,40.596000000000004,11,293.29200000000003,-4.640090909090909,6.13,26.662909090909093
1968,CON,3.96,2.7640000000000002,25.951,6,134.651,15.969000000000001,11.64,22.441833333333335
1968,ETH,0.762,2.184,9.059999999999999,4,21.663,-21.752499999999998,-9.04,5.41575
1968,LEF,4.699999999999999,5.138999999999999,54.709,8,93.404,-41.994125,-23.66,11.6755
1968,LIB,30.299999999999997,8.977,49.495999999999995,14,134.11599999999999,-2.8221428571428575,4.61,9.579714285714285
1968,NAT,9.643,0.752,26.611000000000004,4,11.581,-0.6992500000000001,10.25,2.89525
1968,SIP,0.0,0.0,1.3,1,0.74,9.1,3.36,0.74
1968,SOC,40.234,21.947000000000003,74.72699999999999,12,318.189,-14.847666666666669,-14.0,26.51575
1969,AGR,2.7729999999999997,6.383000000000001,16.080000000000002,2,36.904,-14.3155,1.01,18.452
1969,CHR,33.852999999999994,12.927000000000001,38.23800000000001,11,291.81300000000005,-4.902363636363637,6.13,26.52845454545455
1969,CON,5.66,2.7640000000000002,25.951,6,132.637,21.802333333333337,11.64,22.106166666666667
1969,ETH,0.762,2.184,9.059999999999999,4,21.663,-21.752499999999998,-9.04,5.41575
1969,LEF,4.699999999999999,5.138999999999999,54.709,8,93.404,-41.994125,-23.66,11.6755
1969,LIB,29.746,6.619000000000001,48.74799999999999,14,130.397,-4.222857142857143,4.61,9.314071428571427
1969,NAT,1.8,0.752,22.689,3,10.829,0.375,10.25,3.609666666666667
1969,SIP,0.0,0.0,1.3,1,0.74,9.1,3.36,0.74
1969,SOC,26.526000000000003,8.936,87.703,12,323.216,-15.290333333333336,-14.0,26.93466666666667
1970,AGR,0.0,9.625,13.379999999999999,2,37.04,-15.2645,1.01,18.52
1970,CHR,36.452999999999996,14.827,37.961000000000006,12,289.28400000000005,1.026666666666668,6.13,24.107000000000003
1970,CON,8.319,5.928000000000001,30.447000000000003,6,135.56,18.407833333333333,11.64,22.593333333333334
1970,ETH,0.762,5.375,12.294999999999998,4,21.381,-18.59125,-9.04,5.34525
1970,LEF,9.211,17.05,62.27900000000001,8,90.53099999999999,-41.52275,-23.66,11.316374999999999
1970,LIB,29.746,25.003999999999998,58.452999999999996,14,131.834,-2.275285714285715,4.61,9.416714285714287
1970,NAT,1.8,0.752,27.789,3,20.458,-1.0749999999999993,10.25,6.819333333333333
1970,SIP,0.0,0.0,1.3,1,0.74,9.1,3.36,0.74
1970,SOC,20.526000000000003,10.036000000000001,79.491,11,317.91600000000005,-25.858545454545457,-14.0,28.901454545454552
1971,AGR,0.0,9.625,13.379999999999999,2,37.04,-15.2645,1.01,18.52
1971,CHR,53.291000000000004,34.512,42.876999999999995,14,285.51800000000003,-2.7209999999999988,6.13,20.39414285714286
1971,CON,11.219000000000001,9.628,26.147,6,131.895,22.4245,11.64,21.9825
1971,ETH,5.091,18.292,15.779,4,28.04,-19.52825,-9.04,7.01
1971,LEF,6.911,18.55,66.179,8,93.44899999999998,-34.84775,-23.66,11.681124999999998
1971,LIB,45.491,50.22200000000001,52.56100000000001,14,123.93699999999998,-7.14457142857143,4.61,8.852642857142856
1971,NAT,0.4,2.652,21.389000000000003,3,20.389,7.824999999999999,10.25,6.796333333333333
1971,SIP,0.0,0.0,6.7,1,1.742,26.6,3.36,1.742
1971,SOC,19.455000000000002,27.070000000000004,115.31500000000001,12,324.785,-28.781333333333336,-14.0,27.065416666666668
1972,AGR,0.0,5.2,19.066,2,36.329,-5.172499999999999,1.01,18.1645
1972,CHR,51.809999999999995,50.813,52.531,14,278.68,-2.394142857142857,6.13,19.905714285714286
1972,CON,5.8999999999999995,7.5,44.23199999999999,6,131.439,27.566333333333336,11.64,21.906499999999998
1972,ETH,5.091,21.483999999999998,19.014,4,27.700000000000003,-16.367,-9.04,6.925000000000001
1972,LEF,9.056999999999999,17.016,62.443,8,94.13,-28.46725,-23.66,11.76625
1972,LIB,32.525,49.36600000000001,59.825,14,126.16299999999998,-4.919785714285715,4.61,9.011642857142856
1972,NAT,0.4,1.9,27.92000000000001,3,23.282,3.105,10.25,7.760666666666666
1972,SIP,0.0,0.0,6.7,1,1.742,26.6,3.36,1.742
1972,SOC,23.713000000000008,44.86,110.16199999999999,13,336.287,-32.22723076923077,-14.0,25.868230769230767
1973,AGR,0.6,6.9,17.965999999999998,2,41.510999999999996,-9.8725,1.01,20.755499999999998
1973,CHR,52.709999999999994,56.013000000000005,75.531,15,288.40900000000005,-2.6411999999999995,6.13,19.22726666666667
1973,CON,5.5,11.200000000000001,64.832,7,123.853,26.699714285714286,11.64,17.693285714285715
1973,ETH,5.091,21.483999999999998,19.014,4,27.700000000000003,-16.367,-9.04,6.925000000000001
1973,LEF,6.157,16.216,40.143,8,95.11699999999999,-24.82975,-23.66,11.889624999999999
1973,LIB,28.924999999999997,50.96600000000001,55.525,13,106.22099999999999,0.9094615384615385,4.61,8.170846153846153
1973,NAT,0.4,10.5,30.42000000000001,4,39.176,5.37875,10.25,9.794
1973,SIP,0.0,0.0,5.2,1,2.8789999999999996,10.4,3.36,2.8789999999999996
1973,SOC,18.113000000000003,43.86,110.16200000000002,13,328.78000000000003,-26.904153846153843,-14.0,25.290769230769232
1974,AGR,0.6,6.9,17.965999999999998,2,41.510999999999996,-9.8725,1.01,20.755499999999998
1974,CHR,80.157,55.608,85.47200000000001,17,357.89899999999994,-3.2348235294117647,6.13,21.05288235294117
1974,CON,5.5,11.200000000000001,64.832,7,123.853,26.699714285714286,11.64,17.693285714285715
1974,ETH,8.512000000000002,22.942,30.17,4,25.221000000000004,-16.96825,-9.04,6.305250000000001
1974,LEF,6.5,16.593,54.558,9,96.737,-26.166444444444448,-23.66,10.748555555555555
1974,LIB,17.31,48.622,51.574999999999996,13,111.531,1.75076923076923,4.61,8.579307692307692
1974,NAT,0.4,10.5,30.42000000000001,4,39.176,5.37875,10.25,9.794
1974,SIP,0.0,0.0,5.2,1,2.8789999999999996,10.4,3.36,2.8789999999999996
1974,SOC,26.016000000000005,44.38900000000001,128.838,14,337.77299999999997,-29.574,-14.0,24.126642857142855
1975,AGR,0.6,11.778,14.956,2,42.730000000000004,-32.122,1.01,21.365000000000002
1975,CHR,78.437,57.587999999999994,76.388,18,368.00499999999994,-4.785055555555555,6.13,20.444722222222218
1975,CON,9.687,9.600000000000001,60.934,8,143.77800000000002,15.099375,11.64,17.972250000000003
1975,ETH,8.512000000000002,24.022,27.777,4,24.872,-13.420750000000002,-9.04,6.218
1975,LEF,6.5,21.348,70.35499999999999,11,113.03,-34.55536363636364,-23.66,10.275454545454545
1975,LIB,15.81,49.122,43.575,13,117.64999999999999,2.0815384615384613,4.61,9.049999999999999
1975,NAT,4.0,11.600000000000001,30.073,4,31.250000000000004,6.10675,10.25,7.812500000000001
1975,SIP,0.0,0.0,2.4,1,1.774,-2.4,3.36,1.774
1975,SOC,32.624,47.86700000000001,136.25300000000001,16,386.647,-31.340999999999998,-14.0,24.1654375
1976,AGR,0.7000000000000001,22.078,14.856000000000002,2,41.714,-29.222,1.01,20.857
1976,CHR,80.19,54.221,76.99400000000001,18,380.294,-4.270722222222222,6.13,21.127444444444443
1976,CON,12.7,4.0,41.608999999999995,8,141.963,12.701375,11.64,17.745375
1976,ETH,8.512000000000002,24.022,27.777,4,24.872,-13.420750000000002,-9.04,6.218
1976,LEF,10.179,27.813,78.028,12,123.21,-27.41475,-23.66,10.2675
1976,LIB,32.504,46.968999999999994,39.524,13,116.51100000000001,1.388538461538461,4.61,8.962384615384616
1976,NAT,4.769,11.600000000000001,29.844,5,29.244,10.674800000000001,10.25,5.8488
1976,SIP,0.0,0.0,2.4,1,1.774,-2.4,3.36,1.774
1976,SOC,27.360999999999997,48.36300000000001,133.191,16,373.51499999999993,-19.882562500000002,-14.0,23.344687499999996
1977,AGR,0.7000000000000001,22.078,14.856000000000002,2,41.714,-29.222,1.01,20.857
1977,CHR,71.406,32.711,50.81999999999999,16,353.5640000000001,1.2395625000000006,6.13,22.097750000000005
1977,CON,12.2,4.6,43.84899999999999,10,168.78,9.406099999999999,11.64,16.878
1977,ETH,15.761999999999999,37.741,31.165999999999997,9,25.281999999999996,-15.564777777777781,-9.04,2.8091111111111107
1977,LEF,12.117,27.203000000000003,76.039,13,134.93399999999997,-25.629615384615388,-23.66,10.37953846153846
1977,LIB,41.581,53.015,55.776,14,140.41500000000002,-7.142857142916625e-05,4.61,10.029642857142859
1977,NAT,3.569,8.3,31.444,5,30.270000000000003,7.4548000000000005,10.25,6.054
1977,SIP,0.0,3.7,3.7,1,3.2880000000000003,7.5,3.36,3.2880000000000003
1977,SOC,37.708,53.272000000000006,113.037,17,424.439,-17.835999999999995,-14.0,24.967000000000002
1978,AGR,0.7000000000000001,22.078,14.856000000000002,2,41.714,-29.222,1.01,20.857
1978,CHR,36.63600000000001,31.259,46.344,14,336.735,3.871642857142857,6.13,24.052500000000002
1978,CON,15.955,8.355,43.84899999999999,11,186.12600000000003,10.406363636363638,11.64,16.920545454545458
1978,ETH,12.591999999999999,26.802999999999997,32.806,9,22.161,-13.03177777777778,-9.04,2.4623333333333335
1978,LEF,11.616999999999999,27.603,78.13900000000001,13,134.13599999999997,-26.283461538461545,-23.66,10.318153846153844
1978,LIB,38.575,45.937,61.38100000000001,14,141.16400000000002,0.49685714285714205,4.61,10.083142857142859
1978,NAT,8.525,11.799,32.319,6,31.641000000000002,5.726500000000001,10.25,5.2735
1978,SIP,0.0,3.7,3.7,1,3.2880000000000003,7.5,3.36,3.2880000000000003
1978,SOC,39.437000000000005,57.531000000000006,119.37800000000001,18,426.47100000000006,-16.877111111111113,-14.0,23.692833333333336
1979,AGR,5.7,22.633000000000003,22.933,2,35.361000000000004,-16.133499999999998,1.01,17.680500000000002
1979,CHR,39.852000000000004,39.699999999999996,49.599000000000004,14,340.952,2.006428571428572,6.13,24.353714285714286
1979,CON,18.192999999999998,25.707,23.869,11,195.839,13.422363636363638,11.64,17.803545454545453
1979,ETH,12.227,26.918,25.911,10,26.33,-8.7863,-9.04,2.633
1979,LEF,20.151,31.726,75.25500000000001,13,132.84699999999998,-28.627846153846157,-23.66,10.218999999999998
1979,LIB,34.147999999999996,49.074,63.120000000000005,14,141.748,0.6145714285714285,4.61,10.124857142857142
1979,NAT,10.693999999999999,23.378999999999998,26.235,6,30.095,15.336333333333334,10.25,5.015833333333333
1979,SIP,0.0,1.3,14.9,1,2.625,18.3,3.36,2.625
1979,SOC,39.782,64.865,98.141,19,419.22700000000003,-15.46484210526316,-14.0,22.06457894736842
1980,AGR,5.7,22.633000000000003,22.933,2,35.361000000000004,-16.133499999999998,1.01,17.680500000000002
1980,CHR,40.075,34.940999999999995,56.160000000000004,14,338.216,3.199142857142857,6.13,24.158285714285714
1980,CON,15.925,22.425,32.03,11,197.859,14.332454545454546,11.64,17.98718181818182
1980,ETH,12.227,26.918,25.911,10,26.33,-8.7863,-9.04,2.633
1980,LEF,17.858,30.708,76.07600000000001,13,130.25,-25.18815384615385,-23.66,10.01923076923077
1980,LIB,26.921000000000003,55.318,60.53000000000001,14,144.45400000000004,0.5002857142857141,4.61,10.31814285714286
1980,NAT,8.426,20.096999999999998,34.395999999999994,6,30.445,17.004833333333334,10.25,5.074166666666667
1980,SIP,0.0,1.3,14.9,1,2.625,18.3,3.36,2.625
1980,SOC,58.174,69.60799999999999,98.558,21,419.58600000000007,-12.099285714285713,-14.0,19.980285714285717
1981,AGR,5.7,22.633000000000003,22.933,2,35.361000000000004,-16.133499999999998,1.01,17.680500000000002
1981,CHR,29.439,35.739000000000004,48.830000000000005,13,315.664,8.205615384615387,6.13,24.281846153846153
1981,CON,18.525000000000002,25.225,35.47599999999999,10,188.88099999999997,15.537600000000001,11.64,18.888099999999998
1981,ECO,7.0280000000000005,8.352,1.5890000000000002,2,4.839,-2.7195,-13.65,2.4195
1981,ETH,19.756,31.778,31.863000000000007,10,26.173,-11.423700000000002,-9.04,2.6172999999999997
1981,LEF,30.596999999999998,25.442999999999998,77.373,14,132.70700000000002,-23.352142857142862,-23.66,9.47907142857143
1981,LIB,25.540000000000003,59.330000000000005,38.742,13,153.095,1.439923076923077,4.61,11.776538461538461
1981,NAT,8.426,20.096999999999998,28.995999999999995,6,28.074,15.454833333333331,10.25,4.679
1981,SIP,0.0,0.0,2.9,1,1.446,8.700000000000001,3.36,1.446
1981,SOC,66.533,61.757,106.01500000000003,21,443.37399999999997,-9.985380952380954,-14.0,21.113047619047617
1982,AGR,3.4,22.933,20.633,2,32.766999999999996,-19.0835,1.01,16.383499999999998
1982,CHR,32.472,42.58400000000001,56.00000000000001,16,358.271,9.174937500000002,6.13,22.3919375
1982,CON,25.743000000000002,15.196,28.805,11,253.428,11.07090909090909,11.64,23.03890909090909
1982,ECO,7.0280000000000005,8.352,1.5890000000000002,2,4.839,-2.7195,-13.65,2.4195
1982,ETH,15.138,24.32,30.419000000000004,8,25.249000000000002,-6.5886249999999995,-9.04,3.1561250000000003
1982,LEF,39.472,36.543,108.17299999999997,16,131.502,-24.493312500000005,-23.66,8.218875
1982,LIB,24.345000000000002,47.333999999999996,50.733,14,125.129,4.7152142857142865,4.61,8.937785714285715
1982,NAT,13.528000000000002,28.26,34.098,7,28.905,12.554571428571425,10.25,4.1292857142857144
1982,SIP,0.795,2.517,6.476,2,3.348,19.2505,3.36,1.674
1982,SOC,64.273,57.702999999999996,139.508,22,474.01399999999995,-10.911045454545457,-14.0,21.546090909090907
1983,AGR,0.9,24.804000000000002,22.708000000000002,2,33.10199999999999,-25.3675,1.01,16.550999999999995
1983,CHR,24.474000000000004,52.86900000000001,44.048,16,352.873,13.167812500000002,6.13,22.0545625
1983,CON,30.658,30.817999999999998,19.497999999999998,11,252.132,8.91309090909091,11.64,22.92109090909091
1983,ECO,21.506,110.685,14.546000000000003,5,12.236,-10.563600000000001,-13.65,2.4472
1983,ETH,15.138,26.973999999999997,31.634000000000004,8,25.628,-6.56,-9.04,3.2035
1983,LEF,33.254999999999995,41.274,92.11099999999999,17,126.767,-25.936000000000007,-23.66,7.456882352941176
1983,LIB,23.009000000000004,54.002,47.679,13,120.777,7.254307692307693,4.61,9.290538461538462
1983,NAT,27.894,43.553000000000004,14.556000000000001,7,32.819,6.445,10.25,4.688428571428572
1983,SIP,0.795,2.517,6.476,2,3.348,19.2505,3.36,1.674
1983,SOC,38.051,76.223,136.62,20,478.46199999999993,-10.8491,-14.0,23.923099999999998
1984,AGR,0.9,24.804000000000002,22.708000000000002,2,33.10199999999999,-25.3675,1.01,16.550999999999995
1984,CHR,24.955000000000002,59.65200000000001,40.044000000000004,16,353.48699999999997,12.724750000000002,6.13,22.092937499999998
1984,CON,35.566,32.859,26.034,11,257.443,6.7188181818181825,11.64,23.40390909090909
1984,ECO,26.606,123.185,18.646,6,16.436,-13.736333333333334,-13.65,2.739333333333333
1984,ETH,15.138,26.973999999999997,31.634000000000004,8,25.628,-6.56,-9.04,3.2035
1984,LEF,31.413,59.482,115.143,17,126.05700000000002,-24.471705882352946,-23.66,7.415117647058825
1984,LIB,28.290000000000006,53.72499999999999,46.687000000000005,13,120.403,8.2,4.61,9.26176923076923
1984,NAT,27.894,43.553000000000004,14.556000000000001,7,27.494999999999997,7.601142857142859,10.25,3.9278571428571425
1984,SIP,0.795,10.85,5.659000000000001,2,3.401,11.7755,3.36,1.7005
1984,SOC,44.364,77.86999999999999,143.815,20,486.49699999999996,-11.839649999999999,-14.0,24.324849999999998
1985,AGR,1.2,25.704,23.408,2,29.755999999999993,-18.9175,1.01,14.877999999999997
1985,CHR,30.595,69.158,47.99700000000001,17,358.776,10.630882352941178,6.13,21.104470588235294
1985,CON,29.455000000000005,33.821,26.625,11,257.944,14.151363636363639,11.64,23.449454545454547
1985,ECO,23.481,110.85900000000001,15.521000000000003,6,17.85,-11.180333333333335,-13.65,2.975
1985,ETH,15.838000000000001,37.375,17.927,7,20.721,-3.091714285714285,-9.04,2.960142857142857
1985,LEF,31.465999999999998,64.66499999999999,122.39,17,122.915,-25.739764705882358,-23.66,7.230294117647059
1985,LIB,38.136,57.40199999999999,37.668000000000006,13,128.23100000000002,7.241076923076923,4.61,9.86392307692308
1985,NAT,15.094000000000001,29.153000000000002,14.556000000000001,6,27.299,7.268000000000002,10.25,4.549833333333333
1985,SIP,0.795,10.85,5.659000000000001,2,3.401,11.7755,3.36,1.7005
1985,SOC,53.596000000000004,80.885,137.354,21,489.13000000000005,-10.949952380952379,-14.0,23.291904761904764
1986,AGR,1.2,25.704,23.408,2,29.755999999999993,-18.9175,1.01,14.877999999999997
1986,CHR,29.020000000000003,60.337,45.20600000000001,15,366.003,10.408933333333334,6.13,24.400199999999998
1986,CON,30.127,33.885999999999996,23.377,11,257.29900000000004,16.424454545454548,11.64,23.390818181818187
1986,ECO,25.281000000000002,129.25900000000001,24.721,7,22.673000000000002,-11.754571428571428,-13.65,3.2390000000000003
1986,ETH,19.168,36.454,18.814,8,22.103999999999996,-2.293125,-9.04,2.7629999999999995
1986,LEF,30.417999999999996,73.329,115.198,17,115.576,-24.943823529411766,-23.66,6.798588235294117
1986,LIB,42.891,69.052,29.669000000000004,13,119.593,6.6255384615384605,4.61,9.199461538461538
1986,NAT,7.635000000000001,26.383,10.0,6,41.046,9.451500000000003,10.25,6.841
1986,SIP,0.809,12.782,2.083,2,3.2380000000000004,12.8505,3.36,1.6190000000000002
1986,SOC,51.556999999999995,91.31500000000003,133.13800000000003,21,477.766,-9.606952380952379,-14.0,22.750761904761905
1987,AGR,9.639,23.517000000000003,3.0,2,29.75,-5.8245000000000005,1.01,14.875
1987,CHR,62.599999999999994,80.861,39.417,14,305.259,2.5907857142857145,6.13,21.804214285714288
1987,CON,27.928,35.2,19.005000000000003,10,228.28900000000002,14.242099999999999,11.64,22.8289
1987,ECO,20.445,139.228,22.526999999999997,8,31.278000000000002,-7.972499999999999,-13.65,3.9097500000000003
1987,ETH,25.631,32.917,12.636,8,22.939,-9.061125,-9.04,2.867375
1987,LEF,39.071,88.62799999999999,93.467,15,108.933,-23.183666666666667,-23.66,7.262200000000001
1987,LIB,45.744,72.655,23.723000000000003,14,130.61899999999997,10.09457142857143,4.61,9.32992857142857
1987,NAT,6.299,28.987,15.835,6,38.462,10.105500000000001,10.25,6.410333333333334
1987,SIP,0.809,4.449,0.0,1,1.739,31.951,3.36,1.739
1987,SOC,63.392999999999994,79.305,119.02300000000001,20,451.5199999999999,-10.798799999999998,-14.0,22.575999999999997
1988,AGR,13.639,34.017,9.4,2,28.92,-7.9245,1.01,14.46
1988,CHR,57.613,61.93000000000001,47.724999999999994,13,304.65400000000005,3.792692307692308,6.13,23.43492307692308
1988,CON,19.910000000000004,29.979,23.848000000000003,10,219.36800000000002,14.525299999999998,11.64,21.9368
1988,ECO,20.445,177.228,23.926999999999996,9,36.804,-9.131111111111109,-13.65,4.089333333333333
1988,ETH,25.631,32.917,12.636,8,22.939,-9.061125,-9.04,2.867375
1988,LEF,45.949,84.504,81.17300000000003,14,107.18100000000001,-21.356428571428573,-23.66,7.655785714285715
1988,LIB,48.048,76.57300000000001,32.61000000000001,14,129.255,10.187357142857143,4.61,9.2325
1988,NAT,5.628,36.24,15.462,6,42.605000000000004,14.832333333333331,10.25,7.100833333333334
1988,SIP,0.809,4.449,0.0,1,1.739,31.951,3.36,1.739
1988,SOC,69.274,89.72700000000002,135.66000000000003,20,455.799,-10.75025,-14.0,22.789949999999997
1989,AGR,13.639,34.017,9.4,2,28.92,-7.9245,1.01,14.46
1989,CHR,48.426,101.77000000000001,56.573,16,354.002,11.766312499999998,6.13,22.125125
1989,CON,21.474000000000004,37.97399999999999,22.829000000000004,10,227.17499999999998,12.3526,11.64,22.717499999999998
1989,ECO,25.835,272.801,42.985,12,45.57599999999999,-9.877083333333333,-13.65,3.7979999999999996
1989,ETH,28.043000000000003,48.566,18.994,10,24.168999999999997,-15.228600000000004,-9.04,2.4168999999999996
1989,LEF,49.516000000000005,78.87300000000002,71.399,14,126.67100000000002,-22.759000000000004,-23.66,9.047928571428573
1989,LIB,36.128,84.10800000000002,34.285999999999994,12,110.639,9.298666666666668,4.61,9.219916666666666
1989,NAT,5.628,43.852000000000004,15.462,7,43.523,13.158285714285713,10.25,6.217571428571429
1989,SIP,4.0,15.068999999999999,9.584,2,9.773,13.084,3.36,4.8865
1989,SOC,63.72,92.22500000000001,127.28099999999999,20,480.0929999999999,-10.4295,-14.0,24.004649999999994
1990,AGR,16.941,49.24,28.531999999999996,7,48.509,13.681142857142857,1.01,6.929857142857143
1990,CHR,79.73299999999999,185.96900000000002,63.01900000000001,25,386.52200000000005,6.88724,6.13,15.460880000000001
1990,CON,32.687000000000005,60.05399999999999,44.47500000000001,13,242.761,7.617769230769231,11.64,18.673923076923078
1990,ECO,53.116,535.0949999999999,44.32600000000001,18,55.125,-8.456944444444444,-13.65,3.0625
1990,ETH,49.913000000000004,64.99600000000001,24.598999999999997,14,58.095,-7.649714285714286,-9.04,4.149642857142857
1990,LEF,81.281,132.86000000000004,118.649,21,177.073,-17.972666666666665,-23.66,8.43204761904762
1990,LIB,49.392,108.043,39.983999999999995,20,291.43799999999993,7.877699999999997,4.61,14.571899999999996
1990,NAT,23.098000000000003,52.169000000000004,26.823,12,105.895,14.074666666666667,10.25,8.824583333333333
1990,SIP,4.0,15.068999999999999,9.584,2,9.773,13.084,3.36,4.8865
1990,SOC,79.57199999999999,137.158,155.68800000000005,26,590.306,-12.517653846153845,-14.0,22.704076923076926
1991,AGR,9.827,54.613,40.382999999999996,8,60.239000000000004,15.293625000000002,1.01,7.5298750000000005
1991,CHR,69.314,203.65499999999997,95.18200000000002,31,410.96399999999994,7.500967741935484,6.13,13.25690322580645
1991,CON,39.529,63.18599999999999,47.77499999999999,13,242.27599999999998,7.506923076923077,11.64,18.636615384615382
1991,ECO,55.415,512.8039999999999,47.52400000000001,17,58.25100000000001,-11.339117647058824,-13.65,3.4265294117647067
1991,ETH,41.525000000000006,80.06099999999998,28.558,16,57.421,-6.7311875,-9.04,3.5888125
1991,LEF,72.432,147.46900000000002,120.29100000000003,20,168.968,-19.8395,-23.66,8.4484
1991,LIB,40.274,126.64399999999999,51.79299999999999,25,298.72799999999995,9.7088,4.61,11.949119999999999
1991,NAT,23.098000000000003,49.354000000000006,45.208,15,116.849,17.66526666666667,10.25,7.789933333333334
1991,SIP,9.525,26.401,16.522,4,18.211000000000002,16.96725,3.36,4.5527500000000005
1991,SOC,88.77899999999997,153.069,156.37200000000004,30,594.268,-10.207966666666668,-14.0,19.808933333333336
1992,AGR,16.874000000000002,62.092,33.231,9,72.53999999999999,9.459444444444443,1.01,8.059999999999999
1992,CHR,69.17899999999999,180.893,99.45300000000003,31,416.29999999999995,8.577483870967743,6.13,13.429032258064515
1992,CON,57.023,81.64099999999999,48.966,17,293.192,9.829235294117646,11.64,17.24658823529412
1992,ECO,33.711000000000006,296.943,49.264,12,45.48700000000001,-13.076083333333335,-13.65,3.790583333333334
1992,ETH,44.293000000000006,133.63899999999998,57.35500000000001,23,58.67,-5.2702608695652176,-9.04,2.550869565217391
1992,LEF,71.33500000000001,117.42999999999999,116.906,20,215.22800000000004,-12.91625,-23.66,10.761400000000002
1992,LIB,44.794,135.34499999999997,79.57700000000001,28,276.26,10.904714285714283,4.61,9.866428571428571
1992,NAT,31.976,60.337,66.64099999999999,20,193.523,16.2237,10.25,9.67615
1992,SIP,18.834,40.687,27.951,7,27.191,21.38914285714286,3.36,3.8844285714285713
1992,SOC,93.48399999999998,162.78599999999997,159.30100000000004,33,564.8159999999999,-6.94339393939394,-14.0,17.115636363636362
1993,AGR,15.372,62.15,26.963,9,85.243,7.342111111111112,1.01,9.471444444444444
1993,CHR,69.78199999999998,189.158,86.65800000000003,28,392.664,5.3321071428571445,6.13,14.023714285714286
1993,CON,69.44200000000001,88.08299999999998,41.3,17,315.093,8.119529411764704,11.64,18.534882352941178
1993,ECO,36.788000000000004,312.3279999999999,55.418,13,53.327000000000005,-14.082076923076924,-13.65,4.102076923076924
1993,ETH,46.818,126.38899999999998,62.40800000000001,23,63.591,-4.682739130434784,-9.04,2.7648260869565218
1993,LEF,71.649,112.50300000000003,118.418,21,219.95800000000003,-10.963809523809521,-23.66,10.474190476190477
1993,LIB,61.18899999999999,130.09199999999998,85.424,27,301.29200000000003,8.690148148148147,4.61,11.158962962962963
1993,NAT,40.184000000000005,60.337,54.34299999999999,19,199.78900000000002,14.581578947368422,10.25,10.51521052631579
1993,SIP,19.375,42.849,29.032,8,32.603,19.526250000000005,3.36,4.075375
1993,SOC,85.674,169.242,146.90100000000004,31,563.425,-7.262161290322581,-14.0,18.174999999999997
1994,AGR,17.729999999999997,57.666,29.1,9,81.478,10.399000000000001,1.01,9.05311111111111
1994,CHR,76.295,183.941,103.76400000000002,30,345.921,6.986300000000001,6.13,11.5307
1994,CON,72.825,78.285,42.307,19,336.169,10.999684210526317,11.64,17.693105263157893
1994,ECO,37.696,299.01099999999997,45.92100000000001,13,65.364,-10.010846153846153,-13.65,5.0280000000000005
1994,ETH,49.465,111.82199999999999,60.04500000000001,25,64.248,-4.315840000000001,-9.04,2.56992
1994,LEF,66.89099999999999,106.142,155.525,23,234.65400000000002,-10.421391304347829,-23.66,10.202347826086958
1994,LIB,61.54600000000001,116.30499999999998,103.05900000000001,26,314.389,13.218000000000002,4.61,12.091884615384616
1994,NAT,58.330000000000005,68.50800000000001,56.248999999999995,21,216.99099999999999,14.920571428571426,10.25,10.33290476190476
1994,SIP,20.366000000000003,42.952999999999996,45.52100000000001,9,31.33,12.696666666666667,3.36,3.481111111111111
1994,SOC,88.14900000000002,133.68800000000002,136.81,30,569.29,-4.883066666666665,-14.0,18.976333333333333
1995,AGR,24.928000000000004,63.51400000000001,38.387,10,93.311,9.3289,1.01,9.331100000000001
1995,CHR,67.63699999999999,174.055,98.084,29,346.588,8.420965517241381,6.13,11.951310344827586
1995,CON,61.94,81.58399999999999,51.402,19,293.604,11.795368421052629,11.64,15.452842105263157
1995,ECO,33.235,265.02,85.87100000000001,13,61.073,-8.482,-13.65,4.697923076923077
1995,ETH,34.952,69.77199999999999,60.418,21,75.322,-4.980428571428572,-9.04,3.586761904761905
1995,LEF,75.90600000000002,84.37299999999999,173.529,23,226.07000000000002,-14.221782608695651,-23.66,9.82913043478261
1995,LIB,57.985,93.044,121.262,27,320.12800000000004,14.419592592592593,4.61,11.856592592592595
1995,NAT,57.79,79.55,44.584999999999994,22,234.165,14.66990909090909,10.25,10.643863636363635
1995,SIP,14.841000000000003,35.217999999999996,41.101000000000006,7,22.502000000000002,7.55357142857143,3.36,3.214571428571429
1995,SOC,75.629,106.58200000000001,179.43100000000004,30,594.4200000000001,-5.739233333333333,-14.0,19.814000000000004
1996,AGR,21.625999999999998,59.269000000000005,34.61300000000001,9,90.31200000000001,11.308888888888891,1.01,10.034666666666668
1996,CHR,67.43600000000002,157.18300000000002,93.22200000000002,26,353.06200000000007,9.038807692307692,6.13,13.579307692307696
1996,CON,51.278,69.077,47.43,19,370.98099999999994,11.86373684210526,11.64,19.52531578947368
1996,ECO,29.773,235.081,83.631,12,57.168,-7.881999999999999,-13.65,4.764
1996,ETH,28.334999999999997,66.202,55.46999999999999,18,65.768,-4.687333333333333,-9.04,3.653777777777778
1996,LEF,68.43,81.553,164.654,22,176.18300000000002,-15.41109090909091,-23.66,8.008318181818183
1996,LIB,87.876,99.27300000000001,127.578,28,322.706,10.885035714285712,4.61,11.525214285714286
1996,NAT,64.525,85.304,46.706,22,262.735,12.953318181818183,10.25,11.9425
1996,SIP,7.66,23.06,40.74700000000001,7,28.047,-1.243714285714285,3.36,4.006714285714286
1996,SOC,108.30600000000001,127.052,222.47500000000002,35,729.763,-6.513514285714284,-14.0,20.850371428571428
1997,AGR,16.256,52.58500000000001,37.55700000000001,8,82.22,16.444,1.01,10.2775
1997,CHR,71.99000000000001,164.36100000000002,97.15500000000002,27,390.3620000000001,9.305777777777777,6.13,14.457851851851855
1997,CON,46.724,71.65199999999999,59.104000000000006,19,363.03399999999993,11.526315789473681,11.64,19.107052631578945
1997,DIV,1.8019999999999998,1.8019999999999998,0.0,1,7.566,13.514000000000001,-10.52,7.566
1997,ECO,21.975,239.55,94.34100000000001,13,56.952999999999996,-8.859461538461538,-13.65,4.380999999999999
1997,ETH,27.735,70.393,56.23299999999999,18,60.276,-3.9756666666666667,-9.04,3.348666666666667
1997,LEF,64.15400000000001,81.459,176.797,22,176.674,-14.51859090909091,-23.66,8.030636363636363
1997,LIB,90.733,102.09100000000001,126.73100000000001,30,369.6360000000001,10.314466666666666,4.61,12.321200000000003
1997,NAT,59.254,87.04299999999999,41.682,20,252.71399999999997,14.708250000000001,10.25,12.635699999999998
1997,SIP,12.082,22.718,54.885000000000005,7,25.185000000000002,-5.9041428571428565,3.36,3.5978571428571433
1997,SOC,105.179,126.427,219.47600000000003,35,704.956,-3.483199999999999,-14.0,20.1416
1998,AGR,11.463999999999999,40.337,26.434,7,77.89599999999999,11.896,1.01,11.127999999999998
1998,CHR,79.027,124.94399999999999,91.95500000000001,27,392.30300000000005,10.333222222222227,6.13,14.529740740740742
1998,CON,61.955999999999996,83.64,57.23700000000001,20,405.75899999999996,9.548099999999998,11.64,20.28795
1998,DIV,1.8019999999999998,1.8019999999999998,0.0,1,7.566,13.514000000000001,-10.52,7.566
1998,ECO,22.942,224.838,98.535,13,59.659,-11.389307692307693,-13.65,4.589153846153846
1998,ETH,27.171999999999997,65.47,52.803999999999995,15,59.217000000000006,-3.7035333333333336,-9.04,3.9478000000000004
1998,LEF,65.10400000000001,100.92399999999999,159.191,20,180.03200000000004,-16.024549999999998,-23.66,9.001600000000002
1998,LIB,105.806,112.32400000000001,96.304,29,341.324,8.103448275862068,4.61,11.769793103448276
1998,NAT,50.248000000000005,78.757,49.636,19,238.55599999999998,15.665578947368422,10.25,12.55557894736842
1998,SIP,12.101,15.107000000000001,29.925000000000004,5,20.706999999999997,-0.8575999999999994,3.36,4.141399999999999
1998,SOC,103.43499999999997,109.664,206.93600000000006,34,720.5529999999999,-2.653411764705882,-14.0,21.192735294117643
1999,AGR,11.018,22.671000000000003,29.463,7,63.117999999999995,5.443,1.01,9.016857142857143
1999,CHR,80.462,118.54799999999999,97.97200000000004,27,386.1810000000001,8.02048148148148,6.13,14.303000000000004
1999,CON,50.269,66.345,53.072,19,409.9659999999999,11.385052631578946,11.64,21.577157894736835
1999,DIV,1.8019999999999998,1.8019999999999998,0.0,1,7.566,13.514000000000001,-10.52,7.566
1999,ECO,23.660000000000004,219.297,99.70899999999997,13,68.60900000000001,-13.182615384615385,-13.65,5.277615384615386
1999,ETH,27.932,61.75300000000001,57.842,15,60.38100000000001,-4.027000000000001,-9.04,4.0254
1999,LEF,60.812,107.88699999999999,170.614,21,182.595,-18.142666666666663,-23.66,8.695
1999,LIB,103.20199999999998,98.48300000000002,96.284,27,346.108,6.403518518518518,4.61,12.818814814814814
1999,NAT,55.416000000000004,77.684,35.923,19,245.30599999999998,13.032315789473685,10.25,12.910842105263157
1999,SIP,8.698,16.967,31.567000000000004,5,22.106999999999996,1.1028000000000013,3.36,4.421399999999999
1999,SOC,102.44199999999998,108.983,183.65500000000006,34,711.4039999999999,-2.9027647058823525,-14.0,20.923647058823526
2000,AGR,11.260000000000002,22.174000000000003,31.024,8,77.195,6.888624999999999,1.01,9.649375
2000,CHR,58.47899999999999,105.58599999999997,98.26900000000002,25,339.514,8.991679999999997,6.13,13.58056
2000,CON,46.62899999999999,71.672,49.147000000000006,18,392.97999999999996,11.77461111111111,11.64,21.83222222222222
2000,DIV,3.415,2.125,1.29,2,48.55700000000001,0.9505000000000008,-10.52,24.278500000000005
2000,ECO,23.660000000000004,219.297,99.70899999999997,13,68.60900000000001,-13.182615384615385,-13.65,5.277615384615386
2000,ETH,44.951,66.16,51.963,17,48.416,-7.828647058823528,-9.04,2.848
2000,LEF,62.927,109.69500000000001,165.25000000000006,20,171.409,-22.955149999999996,-23.66,8.57045
2000,LIB,98.17899999999999,96.12700000000002,74.35500000000002,29,381.12199999999996,6.39058620689655,4.61,13.142137931034481
2000,NAT,52.389,72.02300000000001,34.995000000000005,18,236.539,7.690388888888888,10.25,13.141055555555555
2000,SIP,15.255,20.246,51.919000000000004,6,27.291,7.032333333333334,3.36,4.5485
2000,SOC,103.83099999999996,119.719,155.36400000000006,33,726.7669999999999,-3.1169393939393935,-14.0,22.023242424242422
2001,AGR,13.884,23.044000000000004,28.428,9,89.064,4.836777777777777,1.01,9.895999999999999
2001,CHR,57.39099999999999,111.24399999999997,80.28200000000002,23,303.90200000000004,6.120347826086955,6.13,13.213130434782611
2001,CON,66.094,60.79,49.411,19,403.1889999999999,11.804157894736841,11.64,21.22047368421052
2001,DIV,1.6130000000000002,0.32299999999999995,1.29,1,40.99100000000001,-11.613,-10.52,40.99100000000001
2001,ECO,24.930999999999997,167.468,99.90599999999998,12,68.27900000000001,-15.558000000000002,-13.65,5.689916666666668
2001,ETH,48.351,62.187999999999995,52.727000000000004,17,55.84,-7.951117647058824,-9.04,3.2847058823529416
2001,LEF,64.74199999999999,103.78600000000002,157.96900000000005,21,163.545,-22.31238095238095,-23.66,7.787857142857142
2001,LIB,87.15,82.927,70.568,28,401.58599999999996,4.188,4.61,14.342357142857141
2001,NAT,47.176,65.894,33.637,17,228.92799999999997,8.270411764705884,10.25,13.466352941176469
2001,SIP,18.132,33.679,54.154999999999994,8,33.591,2.778625000000001,3.36,4.198875
2001,SOC,124.05799999999996,123.315,163.07500000000005,29,713.139,-9.621655172413794,-14.0,24.591
2002,AGR,15.625,32.98800000000001,35.373,10,87.41499999999999,3.4714,1.01,8.741499999999998
2002,CHR,48.87400000000001,84.49699999999999,69.209,22,316.27,7.434045454545454,6.13,14.37590909090909
2002,CON,68.788,59.275000000000006,41.59499999999999,20,447.41999999999996,10.55225,11.64,22.371
2002,DIV,1.6130000000000002,0.32299999999999995,1.29,1,40.99100000000001,-11.613,-10.52,40.99100000000001
2002,ECO,33.678,197.27499999999998,90.799,12,72.474,-13.222,-13.65,6.0395
2002,ETH,46.303,61.318999999999996,53.671,17,57.879000000000005,-7.564529411764706,-9.04,3.40464705882353
2002,LEF,49.80199999999999,86.513,127.44500000000001,21,150.917,-20.451809523809523,-23.66,7.18652380952381
2002,LIB,88.115,81.144,76.83400000000002,28,376.3869999999999,3.4896785714285703,4.61,13.442392857142853
2002,NAT,39.272,63.808000000000014,34.126999999999995,16,190.79899999999998,6.175750000000001,10.25,11.924937499999999
2002,SIP,15.768,31.167,53.519999999999996,7,34.432,-1.7582857142857138,3.36,4.918857142857143
2002,SOC,126.82899999999998,119.093,142.043,30,710.7769999999999,-10.508733333333334,-14.0,23.692566666666664
2003,AGR,10.139,41.62799999999999,36.783,9,84.99300000000001,1.7072222222222218,1.01,9.443666666666667
2003,CHR,47.552000000000014,90.94499999999998,75.43400000000001,22,316.5439999999999,8.164181818181815,6.13,14.388363636363634
2003,CON,68.788,63.440000000000005,39.097,21,460.76599999999996,9.134714285714287,11.64,21.941238095238095
2003,DIV,1.391,1.391,0.0,1,4.047,-5.563,-10.52,4.047
2003,ECO,31.698999999999998,197.971,102.21400000000001,12,62.572,-13.27533333333333,-13.65,5.214333333333333
2003,ETH,33.434,68.606,43.263999999999996,16,46.004,-8.093000000000002,-9.04,2.87525
2003,LEF,51.025,86.723,119.818,21,172.997,-21.11247619047619,-23.66,8.237952380952382
2003,LIB,105.74600000000001,98.03399999999999,80.56299999999999,28,391.119,-0.35167857142857084,4.61,13.968535714285716
2003,NAT,38.74,72.768,24.387000000000004,16,192.56099999999998,10.8629375,10.25,12.035062499999999
2003,SIP,16.183000000000003,24.985,53.91499999999999,7,36.689,-7.850714285714285,3.36,5.2412857142857145
2003,SOC,133.289,116.663,162.238,30,724.6089999999999,-11.583966666666669,-14.0,24.15363333333333
2004,AGR,13.088999999999999,40.287,35.533,9,87.51200000000001,1.2358888888888881,1.01,9.723555555555556
2004,CHR,43.410000000000004,87.74099999999999,61.348,21,319.83099999999996,6.5225238095238085,6.13,15.230047619047618
2004,CON,70.80799999999999,59.89600000000001,43.249,22,489.16099999999994,9.783863636363638,11.64,22.234590909090908
2004,DIV,1.391,1.391,0.0,2,40.846999999999994,-17.206500000000002,-10.52,20.423499999999997
2004,ECO,32.992,192.727,100.366,12,64.552,-15.327916666666662,-13.65,5.379333333333334
2004,ETH,46.305,64.119,54.523,16,43.855999999999995,-6.982625000000001,-9.04,2.7409999999999997
2004,LEF,48.202000000000005,84.61099999999999,111.638,20,136.325,-18.9598,-23.66,6.816249999999999
2004,LIB,108.27900000000001,100.99300000000001,81.375,28,405.15400000000005,-0.2636428571428565,4.61,14.469785714285717
2004,NAT,42.794000000000004,82.549,28.94,16,187.891,12.761312499999997,10.25,11.7431875
2004,SIP,15.277000000000001,21.994,28.261000000000003,6,30.777,-15.350666666666669,3.36,5.1295
2004,SOC,128.54399999999998,107.78900000000002,146.98100000000002,28,695.7669999999998,-11.299107142857142,-14.0,24.848821428571423
2005,AGR,23.086,44.970000000000006,50.208000000000006,10,91.90200000000002,-1.6392000000000002,1.01,9.1902
2005,CHR,48.498,86.82499999999999,61.041,21,314.58299999999997,4.536761904761905,6.13,14.980142857142855
2005,CON,82.35799999999999,68.03700000000002,45.638000000000005,23,497.474,8.184478260869566,11.64,21.629304347826086
2005,DIV,1.391,1.391,0.0,2,40.846999999999994,-17.206500000000002,-10.52,20.423499999999997
2005,ECO,33.239999999999995,182.656,101.07700000000001,12,64.024,-18.171916666666664,-13.65,5.335333333333334
2005,ETH,51.089,68.45199999999998,54.14100000000001,16,49.145999999999994,-7.587062500000001,-9.04,3.0716249999999996
2005,LEF,50.818000000000005,117.372,121.19600000000001,20,146.087,-22.140900000000002,-23.66,7.3043499999999995
2005,LIB,113.60300000000001,125.76500000000001,91.79499999999999,29,393.91700000000003,-0.1676551724137934,4.61,13.583344827586208
2005,NAT,42.794000000000004,92.549,27.94,17,197.281,12.806294117647056,10.25,11.604764705882353
2005,SIP,15.277000000000001,21.994,28.261000000000003,6,30.777,-15.350666666666669,3.36,5.1295
2005,SOC,115.701,105.82600000000002,171.70300000000003,29,680.1680000000001,-13.467344827586208,-14.0,23.454068965517244
2006,AGR,20.932,44.136,41.443000000000005,9,99.62500000000001,-4.168444444444445,1.01,11.069444444444446
2006,CHR,55.141999999999996,88.651,66.863,21,311.14200000000005,4.05252380952381,6.13,14.816285714285717
2006,CON,59.998,58.63400000000001,46.80800000000001,22,495.852,9.512772727272731,11.64,22.53872727272727
2006,DIV,6.751,6.121,1.65,3,40.846999999999994,-17.374333333333336,-10.52,13.615666666666664
2006,ECO,55.61000000000001,209.71900000000002,109.83300000000001,14,73.79700000000001,-18.316785714285714,-13.65,5.2712142857142865
2006,ETH,63.718,80.759,57.487,18,50.141999999999996,-9.08222222222222,-9.04,2.7856666666666663
2006,LEF,46.974000000000004,104.768,132.888,19,143.127,-23.352736842105266,-23.66,7.533
2006,LIB,98.22599999999998,119.05799999999999,101.26100000000001,27,371.1330000000001,2.599814814814815,4.61,13.74566666666667
2006,NAT,36.422,91.693,70.583,18,201.03600000000003,16.107444444444447,10.25,11.168666666666669
2006,SIP,24.854,82.612,35.071,9,31.564,-2.8822222222222234,3.36,3.507111111111111
2006,SOC,110.68600000000002,104.873,224.91600000000003,29,707.042,-15.319724137931036,-14.0,24.380758620689654
2007,AGR,18.634,45.066,26.262,7,75.521,-6.348714285714287,1.01,10.788714285714287
2007,CHR,47.113,85.40599999999999,65.09200000000001,19,304.56700000000006,2.92736842105263,6.13,16.02984210526316
2007,CON,48.63599999999999,69.87,51.162,20,498.826,6.989150000000002,11.64,24.941300000000002
2007,DIV,5.36,4.73,1.65,2,36.8,-23.28,-10.52,18.4
2007,ECO,51.899,205.83300000000003,107.52600000000001,15,84.602,-16.741333333333333,-13.65,5.640133333333334
2007,ETH,76.613,83.08600000000001,57.853000000000016,19,52.585999999999984,-6.673157894736841,-9.04,2.767684210526315
2007,LEF,54.072,96.721,127.301,19,159.89299999999997,-25.51042105263158,-23.66,8.415421052631578
2007,LIB,99.709,120.34699999999997,92.67000000000003,28,391.749,3.4551071428571425,4.61,13.991035714285715
2007,NAT,34.198,78.04500000000002,82.981,18,197.63699999999997,13.000222222222222,10.25,10.979833333333332
2007,SIP,24.910999999999998,84.616,24.384,9,29.811,1.587888888888887,3.36,3.312333333333333
2007,SOC,125.24900000000005,113.94699999999999,247.675,31,698.0460000000002,-15.627548387096777,-14.0,22.51761290322581
2008,AGR,13.481000000000002,42.002,24.869,6,68.92099999999999,-5.782000000000001,1.01,11.486833333333331
2008,CHR,51.23800000000001,86.51899999999999,68.64700000000002,20,320.214,0.05639999999999993,6.13,16.0107
2008,CON,61.699,81.94800000000001,50.163,19,534.679,-0.2380526315789464,11.64,28.141
2008,DIV,1.4,4.21,3.37,1,33.099000000000004,-12.91,-10.52,33.099000000000004
2008,ECO,42.052,204.35100000000003,112.26300000000002,14,81.92800000000001,-15.91578571428571,-13.65,5.852000000000001
2008,ETH,51.354,105.46200000000002,55.074,16,48.996,-4.20275,-9.04,3.06225
2008,LEF,37.340999999999994,79.84299999999999,146.67600000000002,17,148.775,-26.40294117647059,-23.66,8.751470588235295
2008,LIB,117.95599999999999,133.48399999999998,92.85100000000003,29,341.7,3.3151034482758623,4.61,11.782758620689656
2008,NAT,38.25600000000001,64.467,100.954,17,200.768,7.719058823529411,10.25,11.809882352941177
2008,SIP,13.100000000000001,74.80999999999999,23.344,7,33.882999999999996,2.6147142857142853,3.36,4.84042857142857
2008,SOC,114.298,114.818,251.857,31,706.7670000000002,-15.694709677419358,-14.0,22.798935483870974
2009,AGR,8.742,40.106,22.973,5,63.73,-6.654000000000001,1.01,12.745999999999999
2009,CHR,59.224,99.24799999999999,70.18199999999999,22,361.795,0.3419090909090912,6.13,16.445227272727273
2009,CON,62.721999999999994,75.548,55.362,20,539.222,2.371100000000001,11.64,26.9611
2009,DIV,1.4,4.21,3.37,1,33.099000000000004,-12.91,-10.52,33.099000000000004
2009,ECO,43.833,201.80800000000002,112.24200000000002,14,84.644,-15.543428571428569,-13.65,6.046
2009,ETH,46.11500000000001,100.674,54.653999999999996,16,50.63,-3.004249999999999,-9.04,3.164375
2009,LEF,34.378,82.708,153.457,17,158.34300000000002,-19.153941176470585,-23.66,9.31429411764706
2009,LIB,102.114,127.70099999999996,86.55100000000003,26,311.35699999999997,2.7793846153846156,4.61,11.97526923076923
2009,NAT,38.25600000000001,60.802,99.601,17,203.83,7.128749999999999,10.25,11.99
2009,SIP,14.213000000000001,73.81799999999998,24.366000000000003,7,32.063,2.547714285714285,3.36,4.5804285714285715
2009,SOC,114.035,128.84399999999997,242.38299999999998,30,677.638,-15.2109,-14.0,22.587933333333336
2010,AGR,15.589000000000002,53.641000000000005,25.157000000000004,5,65.818,-5.1994,1.01,13.163599999999999
2010,CHR,57.650999999999996,104.436,85.336,22,350.9959999999999,0.4523181818181817,6.13,15.954363636363633
2010,CON,64.97699999999999,80.28699999999999,61.446999999999996,20,551.5730000000001,3.6307,11.64,27.578650000000003
2010,DIV,1.4,4.21,3.37,1,33.099000000000004,-12.91,-10.52,33.099000000000004
2010,ECO,39.868,209.072,127.078,15,89.19500000000001,-15.988133333333334,-13.65,5.9463333333333335
2010,ETH,45.99600000000001,95.119,49.745,16,63.521000000000015,-3.486625,-9.04,3.970062500000001
2010,LEF,33.774,89.737,145.518,17,161.99300000000002,-16.035705882352946,-23.66,9.529000000000002
2010,LIB,99.19999999999999,120.67,82.33000000000001,26,320.236,4.929807692307692,4.61,12.31676923076923
2010,NAT,36.047,71.29,66.314,19,216.81,9.711944444444445,10.25,11.411052631578947
2010,SIP,18.891,78.55599999999998,34.641000000000005,8,37.519999999999996,2.458875,3.36,4.6899999999999995
2010,SOC,103.607,123.83299999999998,184.98000000000002,27,630.125,-15.273148148148145,-14.0,23.337962962962962
2011,AGR,17.444,73.12,16.250999999999998,6,48.120000000000005,0.36050000000000004,1.01,8.020000000000001
2011,CHR,54.30200000000001,102.71600000000001,93.278,22,363.74499999999995,1.516409090909091,6.13,16.533863636363634
2011,CON,70.237,68.087,73.21499999999999,21,540.514,9.08852380952381,11.64,25.738761904761905
2011,DIV,1.4,4.21,3.37,1,33.099000000000004,-12.91,-10.52,33.099000000000004
2011,ECO,44.616,182.00800000000004,123.44699999999999,15,81.95900000000002,-14.792866666666665,-13.65,5.463933333333334
2011,ETH,19.002,43.927,78.40899999999999,14,62.016000000000005,-11.502714285714287,-9.04,4.429714285714286
2011,LEF,26.061999999999998,71.66,176.12500000000003,19,139.18400000000003,-20.859368421052626,-23.66,7.325473684210528
2011,LIB,93.37,87.421,89.104,27,315.0349999999999,4.61362962962963,4.61,11.66796296296296
2011,NAT,28.905,54.45,70.63900000000001,19,222.688,12.038166666666665,10.25,11.720421052631579
2011,SIP,16.627000000000002,95.17699999999999,48.400000000000006,10,43.092000000000006,-3.6165000000000007,3.36,4.309200000000001
2011,SOC,80.37199999999999,124.74900000000002,186.44799999999998,29,665.976,-12.157655172413794,-14.0,22.964689655172414
2012,AGR,22.849,98.60300000000001,19.726,7,52.17,-1.400857142857143,1.01,7.452857142857143
2012,CHR,50.745999999999995,72.43699999999998,109.91,22,332.149,4.2416363636363625,6.13,15.097681818181819
2012,CON,69.92200000000001,76.74399999999999,92.41,23,528.724,4.145304347826087,11.64,22.988000000000003
2012,ECO,44.528000000000006,185.28500000000003,112.98499999999999,15,79.836,-15.934733333333334,-13.65,5.3224
2012,ETH,27.901,46.908,81.862,15,67.03800000000001,-10.8304,-9.04,4.469200000000001
2012,LEF,53.949000000000005,96.03899999999999,188.583,24,200.15,-23.837458333333334,-23.66,8.339583333333334
2012,LIB,78.828,85.668,86.00700000000002,26,308.194,2.532538461538462,4.61,11.853615384615384
2012,NAT,27.554000000000002,59.721,85.13200000000003,23,260.005,9.567521739130436,10.25,11.304565217391303
2012,SIP,17.546,80.116,51.55600000000001,12,55.39600000000001,-5.540666666666667,3.36,4.616333333333334
2012,SOC,81.913,122.74400000000003,185.38199999999998,31,733.0529999999999,-10.154064516129033,-14.0,23.646870967741933
2013,AGR,22.849,98.60300000000001,19.726,7,52.17,-1.400857142857143,1.01,7.452857142857143
2013,CHR,59.70599999999999,76.86600000000001,104.452,21,311.36300000000006,3.1326666666666645,6.13,14.826809523809526
2013,CON,79.44799999999998,86.324,93.02700000000002,24,498.63700000000006,1.6098750000000006,11.64,20.77654166666667
2013,ECO,43.57600000000001,187.70999999999998,109.094,15,78.74600000000001,-18.068066666666667,-13.65,5.249733333333334
2013,ETH,28.987000000000002,62.614,85.25200000000001,16,53.501,-13.50425,-9.04,3.3438125
2013,LEF,76.994,115.89700000000002,177.48799999999997,25,206.847,-23.786119999999997,-23.66,8.27388
2013,LIB,83.47,94.33800000000001,113.146,30,334.121,2.6206333333333345,4.61,11.137366666666667
2013,NAT,37.066,61.256999999999984,73.59400000000001,24,257.581,10.549708333333331,10.25,10.732541666666668
2013,SIP,24.932,115.89399999999998,64.73200000000001,14,83.02799999999999,-9.318785714285713,3.36,5.930571428571428
2013,SOC,89.75000000000001,119.64700000000002,195.33399999999997,31,731.5519999999997,-12.716096774193545,-14.0,23.598451612903215
2014,AGR,24.282000000000004,102.429,16.454,7,59.054,-1.4071428571428573,1.01,8.436285714285715
2014,CHR,51.040000000000006,62.899,93.649,19,301.58,5.138105263157892,6.13,15.872631578947368
2014,CON,85.53599999999999,87.594,91.92199999999998,27,473.926,3.3311851851851855,11.64,17.552814814814813
2014,ECO,51.095,178.10500000000002,108.136,14,75.563,-18.91071428571428,-13.65,5.397357142857143
2014,ETH,32.08,59.815000000000005,92.61600000000001,17,66.6,-10.64225,-9.04,3.9176470588235293
2014,LEF,88.107,120.7,211.819,28,191.08399999999997,-24.633071428571423,-23.66,6.82442857142857
2014,LIB,87.456,78.614,102.11800000000001,27,350.25699999999995,0.32962962962962983,4.61,12.972481481481479
2014,NAT,46.866,50.812999999999995,77.23,23,268.61899999999997,5.832086956521738,10.25,11.679086956521738
2014,SIP,24.932,115.89399999999998,64.73200000000001,14,86.232,-9.318785714285713,3.36,6.159428571428571
2014,SOC,94.421,107.39500000000002,207.65299999999996,30,705.3469999999996,-12.064066666666665,-14.0,23.511566666666656
2015,AGR,18.125000000000004,70.696,14.575999999999997,5,56.048,-2.9148,1.01,11.2096
2015,CHR,51.55900000000001,66.75200000000001,59.49900000000001,18,294.939,3.3656111111111096,6.13,16.3855
2015,CON,114.632,95.93399999999998,88.93100000000001,29,495.51,2.2039999999999997,11.64,17.08655172413793
2015,ECO,48.16,216.69000000000003,113.62599999999999,14,74.464,-20.54135714285714,-13.65,5.3188571428571425
2015,ETH,40.118,68.95499999999998,84.872,18,75.36899999999999,-12.37588235294118,-9.04,4.187166666666666
2015,LEF,92.644,137.31300000000002,208.073,29,217.76900000000003,-28.939500000000002,-23.66,7.509275862068967
2015,LIB,85.458,96.54799999999999,124.53199999999998,29,347.763,1.9735172413793116,4.61,11.991827586206895
2015,NAT,40.951,44.998,62.42400000000001,23,255.31300000000002,5.885523809523808,10.25,11.100565217391305
2015,SIP,19.557,100.89499999999998,71.443,14,89.876,-4.429428571428572,3.36,6.419714285714286
2015,SOC,94.77999999999999,119.46100000000001,220.90699999999998,31,676.4619999999998,-15.505166666666666,-14.0,21.82135483870967
2016,AGR,16.401000000000003,55.561,20.958,5,74.45,-2.476,1.01,14.89
2016,CHR,48.13600000000001,69.251,57.494000000000014,18,279.718,0.9104444444444453,6.13,15.539888888888889
2016,CON,116.455,92.43999999999998,101.58500000000002,29,477.827,0.5234482758620681,11.64,16.476793103448276
2016,ECO,45.46000000000001,216.41199999999998,114.88300000000001,14,77.97999999999999,-21.854642857142856,-13.65,5.569999999999999
2016,ETH,34.818999999999996,71.45400000000001,93.943,19,89.54799999999999,-12.182,-9.04,4.713052631578947
2016,LEF,89.65700000000001,138.12900000000002,243.68300000000002,31,254.60200000000003,-28.716724137931035,-23.66,8.212967741935485
2016,LIB,98.46000000000001,109.50300000000001,125.541,31,366.494,-1.2544193548387106,4.61,11.822387096774195
2016,NAT,57.11400000000001,48.577,74.453,26,291.04,5.9764583333333325,10.25,11.193846153846154
2016,SIP,16.253,93.06799999999998,53.72099999999999,11,80.76599999999999,-3.9754545454545465,3.36,7.342363636363635
2016,SOC,89.793,104.99000000000001,225.425,32,586.021,-18.57645161290323,-14.0,18.31315625
2017,AGR,16.401000000000003,55.561,20.958,5,74.45,-2.476,1.01,14.89
2017,CHR,47.461,58.629000000000005,56.753,18,275.081,1.6386666666666672,6.13,15.282277777777779
2017,CON,106.17,82.34299999999999,85.643,26,457.09000000000003,1.8005769230769224,11.64,17.580384615384617
2017,ECO,42.266000000000005,200.164,121.137,14,76.69299999999998,-18.91335714285714,-13.65,5.478071428571427
2017,ETH,34.818999999999996,71.45400000000001,93.943,19,83.704,-11.491210526315792,-9.04,4.405473684210526
2017,LEF,85.07400000000001,138.704,251.307,32,253.18000000000004,-27.350766666666665,-23.66,7.911875000000001
2017,LIB,102.555,108.14500000000001,151.176,32,412.667,-0.8154062500000007,4.61,12.89584375
2017,NAT,58.623000000000005,58.026,65.698,27,317.09800000000007,7.37624,10.25,11.744370370370373
2017,SIP,19.061999999999998,74.398,41.876,10,86.113,-9.2211,3.36,8.6113
2017,SOC,84.364,95.35400000000001,243.13700000000006,32,536.344,-18.142161290322584,-14.0,16.76075
2018,AGR,13.242999999999999,34.892,28.749999999999996,5,67.25999999999999,-3.3342000000000005,1.01,13.451999999999998
2018,CHR,50.542,60.775999999999996,45.295,19,278.526,-0.8647368421052629,6.13,14.659263157894737
2018,CON,101.07799999999999,77.05,90.70899999999999,25,447.93100000000004,4.9055599999999995,11.64,17.917240000000003
2018,ECO,45.73600000000001,208.62499999999997,113.42099999999999,14,76.0,-18.855642857142858,-13.65,5.428571428571429
2018,ETH,33.129,55.52400000000001,81.182,17,76.91,-13.295764705882354,-9.04,4.524117647058823
2018,LEF,72.138,143.2,252.54100000000003,32,256.94900000000007,-29.4545,-23.66,8.029656250000002
2018,LIB,102.581,114.36200000000001,160.87499999999997,33,407.301,-1.898787878787879,4.61,12.342454545454546
2018,NAT,59.66000000000001,70.8,71.89,29,346.7510000000001,8.561703703703703,10.25,11.956931034482762
2018,SIP,28.448999999999995,74.79599999999999,40.928,10,87.472,-7.462000000000001,3.36,8.7472
2018,SOC,93.14500000000001,110.74100000000003,216.57100000000005,33,521.582,-18.18046875,-14.0,15.805515151515152
2019,AGR,13.947,39.314,32.366,5,59.919,-6.801999999999998,1.01,11.983799999999999
2019,CHR,50.929,69.336,60.49700000000001,20,286.58400000000006,-1.9993499999999997,6.13,14.329200000000004
2019,CON,89.30599999999998,92.43800000000002,111.09499999999998,26,443.95500000000004,3.029307692307692,11.64,17.07519230769231
2019,ECO,42.46,211.01199999999997,116.167,14,88.68199999999999,-22.082714285714285,-13.65,6.33442857142857
2019,ETH,46.178000000000004,75.89200000000001,154.83299999999997,24,65.859,-13.032458333333336,-9.04,2.744125
2019,LEF,85.48499999999999,179.3309999999999,320.03900000000004,36,287.58399999999995,-29.870823529411762,-23.66,7.988444444444443
2019,LIB,116.575,153.271,162.796,36,425.18299999999994,-4.599805555555556,4.61,11.810638888888887
2019,NAT,63.673,94.79299999999999,94.906,33,361.9880000000001,10.955290322580648,10.25,10.969333333333337
2019,SIP,28.448999999999995,74.79599999999999,40.928,10,87.472,-7.462000000000001,3.36,8.7472
2019,SOC,93.781,137.70999999999998,242.60900000000007,34,553.7760000000001,-19.912606060606063,-14.0,16.28752941176471
2020,AGR,13.947,39.314,32.366,5,59.919,-6.801999999999998,1.01,11.983799999999999
2020,CHR,50.929,69.336,60.49700000000001,20,286.58400000000006,-1.9993499999999997,6.13,14.329200000000004
2020,CON,89.30599999999998,92.43800000000002,111.09499999999998,26,443.95500000000004,3.029307692307692,11.64,17.07519230769231
2020,ECO,42.46,211.01199999999997,116.167,14,88.68199999999999,-22.082714285714285,-13.65,6.33442857142857
2020,ETH,46.178000000000004,75.89200000000001,154.83299999999997,24,65.859,-13.032458333333336,-9.04,2.744125
2020,LEF,85.48499999999999,179.3309999999999,320.03900000000004,36,287.58399999999995,-29.870823529411762,-23.66,7.988444444444443
2020,LIB,116.575,153.271,162.796,36,425.18299999999994,-4.599805555555556,4.61,11.810638888888887
2020,NAT,63.673,94.79299999999999,94.906,33,361.9880000000001,10.955290322580648,10.25,10.969333333333337
2020,SIP,28.448999999999995,74.79599999999999,40.928,10,87.472,-7.462000000000001,3.36,8.7472
2020,SOC,93.781,137.70999999999998,242.60900000000007,34,553.7760000000001,-19.912606060606063,-14.0,16.28752941176471
